,Case,Age,Gender,Height,Years of Schooling,Marital Status
0,1,35,F,1.67,15,Divorced
1,2,42,F,1.55,12,Married
2,3,23,M,1.76,9,Single
3,4,31,M,1.82,10,Married
4,5,18,F,1.58,10,Single
5,6,27,F,1.64,12,Divorced
6,7,56,M,1.73,8,Widowed
7,8,65,F,1.72,7,Married
8,9,38,M,1.78,15,Married
9,10,41,M,1.93,10,Divorced
10,11,29,M,1.73,9,Widowed
11,12,81,F,1.65,8,Widowed
12,13,59,F,1.67,14,Divorced
13,14,51,F,1.59,13,Divorced
14,15,37,M,1.74,10,Single
15,16,76,M,1.81,8,Widowed
16,17,42,F,1.56,12,Married
17,18,71,F,1.53,10,Widowed
18,19,25,F,1.69,9,Divorced
19,20,19,M,1.81,11,Single
20,21,34,M,1.75,7,Divorced
21,22,39,M,1.79,8,Married
22,23,26,M,1.72,15,Single
23,24,18,M,1.83,8,Single
24,25,23,F,1.65,6,Single
25,26,74,F,1.66,8,Married
26,27,69,F,1.61,7,Widowed
27,28,53,M,1.85,9,Divorced
28,29,61,M,1.94,10,Divorced
29,30,32,F,1.72,12,Married
